"review_id","market_id","mapping_status","gamma_title","decision_time_utc","history_window_start_utc","fidelity_minutes","outcome_0","outcome_0_point_count","outcome_0_last_point_utc","outcome_0_last_price","outcome_0_staleness_seconds","outcome_1","outcome_1_point_count","outcome_1_last_point_utc","outcome_1_last_price","outcome_1_staleness_seconds","historical_depth","historical_bid_ask","price_history","grade","grade_reason","outcome_0_source_sha256","outcome_1_source_sha256"
"01","3438960","NeedsReview","LoL: RMD Gaming vs RED Academy (BO3) - Circuito Desafiante Play-In","2026-08-11T21:45:00Z","2026-08-10T21:45:00Z","1","RMD Gaming","1440","2026-08-11T21:44:20Z","0.765","40","RED Academy","1440","2026-08-11T21:44:15Z","0.235","45","false","false","true","C","official t,p price history for both outcome tokens; no decision-time bid/ask or depth snapshot","d2bad0af4ba96c0ac34d023305096ac6644db1a45b6160560e43759d5c529f3f","6cd5aa0ccd9b677dbaae8b70a5e635ff88a200c5f9dbbea1e993cdb893422d38"
"02","3438567","Matched","LoL: Team Solid vs 7REX (BO3) - Circuito Desafiante Play-In","2026-08-11T19:45:00Z","2026-08-10T19:45:00Z","1","Team Solid","1440","2026-08-11T19:44:10Z","0.495","50","7REX","1440","2026-08-11T19:44:12Z","0.505","48","false","false","true","C","official t,p price history for both outcome tokens; no decision-time bid/ask or depth snapshot","c93478464383299b3cd057af0d8e9a6075b04932f73da9684c33ba43d2de37e3","16cac0d1cdd83c80ac31dbf0ba6c1093e36121e7df3547a7e644888640f34dd1"
"03","3417308","NeedsReview","LoL: Lodis vs Forsaken (BO3) - Rift Legends Regular Season","2026-08-11T18:15:00Z","2026-08-10T18:15:00Z","1","Lodis","1440","2026-08-11T18:14:11Z","0.645","49","Forsaken","1440","2026-08-11T18:14:10Z","0.355","50","false","false","true","C","official t,p price history for both outcome tokens; no decision-time bid/ask or depth snapshot","51f26c2321d9a294a498b014571d22202798c82e0e5e95e18dc28fbc95a39788","31448415bd7acf9dc72e9191a8e993127e46902c417b7c75c25f84c0646811a7"
"04","3176747","Matched","LoL: Baam Esports vs GnG Amazigh (BO3) - Arabian League Group Stage","2026-08-11T18:15:00Z","2026-08-10T18:15:00Z","1","Baam Esports","1440","2026-08-11T18:14:10Z","0.685","50","GnG Amazigh","1440","2026-08-11T18:14:11Z","0.315","49","false","false","true","C","official t,p price history for both outcome tokens; no decision-time bid/ask or depth snapshot","5f1e38016aeb20524dcfe050aa55563237d44d14557979c92ec9205bcfe5f19c","4a4224b36b4e44ed69edd28f0fc5a1fcc65008253fe66ea7c5cca9ae9694ce65"
"05","3502111","Matched","LoL: Dynasty vs Senshi Esports Club (BO3) - Road Of Legends Regular Season","2026-08-11T17:45:00Z","2026-08-10T17:45:00Z","1","Dynasty","1128","2026-08-11T17:44:10Z","0.265","50","Senshi Esports Club","1128","2026-08-11T17:44:11Z","0.735","49","false","false","true","C","official t,p price history for both outcome tokens; no decision-time bid/ask or depth snapshot","4d5cd1c5adf82e5c2de2c70076a4fade44a6208d84a76cb47d3d7bfd7bb260e8","f9e175e72d041657024efd6e47f3f8dddb5f467a7fc1ad2a5bcb00b484ea42d1"
"06","3418668","NeedsReview","LoL: VfB eSports vs Team Orange Gaming (BO3) - Prime League 1st Division Group B","2026-08-11T17:45:00Z","2026-08-10T17:45:00Z","1","VfB eSports","1440","2026-08-11T17:44:12Z","0.125","48","Team Orange Gaming","1440","2026-08-11T17:44:10Z","0.875","50","false","false","true","C","official t,p price history for both outcome tokens; no decision-time bid/ask or depth snapshot","9f9f7852f18f88b0cc8214f6f72819d91e87eac308099d1a05ff1593bc8fa3a5","c61031cc9c7c8ff2164f082deff23761f182302f36ffddc9bea2d7cf9e9591d0"
"07","3502089","Matched","LoL: Frites Esports Club vs mCon esports (BO3) - Road Of Legends Regular Season","2026-08-11T16:45:00Z","2026-08-10T16:45:00Z","1","Frites Esports Club","1059","2026-08-11T16:44:11Z","0.945","49","mCon esports","1059","2026-08-11T16:44:11Z","0.055","49","false","false","true","C","official t,p price history for both outcome tokens; no decision-time bid/ask or depth snapshot","5ab1ea56a238745fb9d451c222f3b29f00c0a27e413c67fd9eac5063262b0023","dfe5de2fc3381fcadd8beb6c4113f04cc64aacab8dd1c82f6c94b93d636989b7"
"08","3509879","NeedsReview","LoL: BRUTE vs Bohemian Guardians (BO3) - Hitpoint Masters Regular Season","2026-08-11T16:05:00Z","2026-08-10T16:05:00Z","1","BRUTE","458","2026-08-11T16:04:12Z","0.74","48","Bohemian Guardians","458","2026-08-11T16:04:10Z","0.26","50","false","false","true","C","official t,p price history for both outcome tokens; no decision-time bid/ask or depth snapshot","77384fdac6ebc96158ae0c9949be65557b3c4e8b408fea4c6f92f90f70d323bf","4ff96703330521675d20e2c1be0f500b58bdba1bc71443de0b9f830b832d3105"
"09","3161922","Matched","LoL: Pyramid IV Esports vs 3BL Esports (BO3) - Arabian League Group Stage","2026-08-11T15:45:00Z","2026-08-10T15:45:00Z","1","Pyramid IV Esports","1440","2026-08-11T15:44:35Z","0.81","25","3BL Esports","1440","2026-08-11T15:44:29Z","0.19","31","false","false","true","C","official t,p price history for both outcome tokens; no decision-time bid/ask or depth snapshot","e3179d498293a2a314f4a93a18d836e052a9614150e99f7350bdb627cc3f28b2","ce64f1a42d009572f91d8c971073729c9b303bb3cb0458d08b804af19421b889"
"10","3417285","NeedsReview","LoL: Barcząca Esports vs devils.one (BO3) - Rift Legends Regular Season","2026-08-11T15:00:00Z","2026-08-10T15:00:00Z","1","Barcząca Esports","1440","2026-08-11T14:59:10Z","0.115","50","devils.one","1440","2026-08-11T14:59:14Z","0.885","46","false","false","true","C","official t,p price history for both outcome tokens; no decision-time bid/ask or depth snapshot","03c32c8a75006e2cacf6d33d445f3440feeb37d117a599328b0deb59faf5e3fd","388bc69934cb79502c86a77025f55e86d0c4c63f150c0a9a5bb4c591ed66f161"
"11","3418645","Matched","LoL: Kaufland Hangry Knights vs G2 NORD (BO3) - Prime League 1st Division Group B","2026-08-11T14:45:00Z","2026-08-10T14:45:00Z","1","Kaufland Hangry Knights","1440","2026-08-11T14:44:11Z","0.145","49","G2 NORD","1440","2026-08-11T14:44:12Z","0.855","48","false","false","true","C","official t,p price history for both outcome tokens; no decision-time bid/ask or depth snapshot","91ebb0bd36ac340986743345c779fb6ee8455ba131a88937078a747803fd2952","2f0f7740184049e3ffdb6f583d8ad716869db9485c7bda99afa3772defa6bbc8"
"12","3509857","NeedsReview","LoL: NightBirds vs Onion Team (BO3) - Hitpoint Masters Regular Season","2026-08-11T14:15:00Z","2026-08-10T14:15:00Z","1","NightBirds","348","2026-08-11T14:14:11Z","0.9545","49","Onion Team","348","2026-08-11T14:14:10Z","0.0455","50","false","false","true","C","official t,p price history for both outcome tokens; no decision-time bid/ask or depth snapshot","552228f1d27f3a374049d565b87a8f719b0aff9f271ccac141de8cf7417399e1","9bd8e76c331bb6abb1d8654bc69ed6cb04463b072bb87596851733cdc744caa8"
"13","3494075","Matched","LoL: Hanwha Life Esports vs DN SOOPers (BO5) - KeSPA Cup Playoffs","2026-08-11T08:45:00Z","2026-08-10T08:45:00Z","1","Hanwha Life Esports","898","2026-08-11T08:44:12Z","0.235","48","DN SOOPers","898","2026-08-11T08:44:11Z","0.765","49","false","false","true","C","official t,p price history for both outcome tokens; no decision-time bid/ask or depth snapshot","f178026a7f90dd11fc324f36086f56875c162829b814868c02401c19ee0e44a9","57ec92f9ae090d79f77f3785c735f54a6e630d1fb6861a3aca060fb09e2d0843"
"14","3478760","NeedsReview","LoL: Uwinks vs L Guide Gaming (BO5) - LJL Playoffs","2026-08-11T07:55:00Z","2026-08-10T07:55:00Z","1","Uwinks","1438","2026-08-11T07:54:18Z","0.195","42","L Guide Gaming","1438","2026-08-11T07:54:15Z","0.805","45","false","false","true","C","official t,p price history for both outcome tokens; no decision-time bid/ask or depth snapshot","b654bcb26ca700307646bd59fdd721ed90a8d36924352ef84de97d131a0329c5","6c19cef66ed13a04c7df8f0fee84cffc1e7f4b29130e7e13dd684d1abe41941b"
"15","3370489","Matched","LoL: LOS vs paiN Gaming (BO3) - CBLOL Regular Season","2026-08-10T22:45:00Z","2026-08-09T22:45:00Z","1","LOS","1440","2026-08-10T22:44:11Z","0.835","49","paiN Gaming","1440","2026-08-10T22:44:11Z","0.165","49","false","false","true","C","official t,p price history for both outcome tokens; no decision-time bid/ask or depth snapshot","9cfc6a878da9ff793729052c35db91ff5ef2709d6a6362a23196763276590ac2","e30fe47a4aa6dffb61a20097c1463b9353800334068eb278299d371ef3784755"
"16","3409360","Matched","LoL: Leviatan Esports vs RED Canids (BO3) - CBLOL Regular Season","2026-08-10T20:45:00Z","2026-08-09T20:45:00Z","1","Leviatan Esports","1440","2026-08-10T20:44:11Z","0.105","49","RED Canids","1440","2026-08-10T20:44:12Z","0.895","48","false","false","true","C","official t,p price history for both outcome tokens; no decision-time bid/ask or depth snapshot","fee8b304bb538e756e29ef82998411e96d236a8e7921a2a430b12d33a24d9159","fcb54c246a51ccba70a544554d9ea7334fb7916ccf83a3a15896103c17b83314"
"17","3450309","NeedsReview","LoL: Arctic Pandas vs Brod n Friends (BO3) - NLC Regular Season","2026-08-10T18:00:00Z","2026-08-09T18:00:00Z","1","Arctic Pandas","1440","2026-08-10T17:59:11Z","0.885","49","Brod n Friends","1440","2026-08-10T17:59:11Z","0.115","49","false","false","true","C","official t,p price history for both outcome tokens; no decision-time bid/ask or depth snapshot","90ee804ef80b43b0ee9c5ff3bbcf7beda3aa62da856564159422a66ed5dc1234","68e2b40c157cf5d6a5fd6060b1c73abd5dec0faa06514f3074af12703799ffb8"
"18","3450275","NeedsReview","LoL: Bulldog Esports vs B2U (BO3) - NLC Regular Season","2026-08-10T17:15:00Z","2026-08-09T17:15:00Z","1","Bulldog Esports","1440","2026-08-10T17:14:11Z","0.795","49","B2U","1440","2026-08-10T17:14:12Z","0.205","48","false","false","true","C","official t,p price history for both outcome tokens; no decision-time bid/ask or depth snapshot","15ebe993bcf208e8dc4585b95b76ab53c3e8886d797eedd32f2c878edece735b","31de7b311e76eab3d41aae83635c36250c6616ed26e16fe2313e356bff0b701c"
"19","3356706","NeedsReview","LoL: Natus Vincere vs G2 Esports (BO3) - LEC Regular Season","2026-08-10T16:35:00Z","2026-08-09T16:35:00Z","1","Natus Vincere","1440","2026-08-10T16:34:12Z","0.195","48","G2 Esports","1440","2026-08-10T16:34:11Z","0.805","49","false","false","true","C","official t,p price history for both outcome tokens; no decision-time bid/ask or depth snapshot","327455a1bfc8edf53d1ce7dcd4ab321b517266a883478bb3d2009c704fe75085","ba9dfdaf63e2002d758ef5a217a5a3731658efa54f58afee2d02b100e984b66e"
"20","3450253","Matched","LoL: The Ruddy Sack vs Lundqvist Lightside (BO3) - NLC Regular Season","2026-08-10T15:45:00Z","2026-08-09T15:45:00Z","1","The Ruddy Sack","1440","2026-08-10T15:44:10Z","0.95","50","Lundqvist Lightside","1440","2026-08-10T15:44:10Z","0.05","50","false","false","true","C","official t,p price history for both outcome tokens; no decision-time bid/ask or depth snapshot","15d51d3fc1721c4be1f777e138003bf7a99ea0d8dcf08f241aee03bf5de49bd6","3edfd8f622fd44733fda12720b33c6b47599728278a1ff79c35954e48b976680"
"21","3355797","Matched","LoL: SK Gaming vs Team Vitality (BO3) - LEC Regular Season","2026-08-10T14:45:00Z","2026-08-09T14:45:00Z","1","SK Gaming","1440","2026-08-10T14:44:10Z","0.335","50","Team Vitality","1440","2026-08-10T14:44:09Z","0.665","51","false","false","true","C","official t,p price history for both outcome tokens; no decision-time bid/ask or depth snapshot","eb28183298dd1505b5be20db0537dc8d1a2911f2a73663124c51483ce905c3cd","7a32bfe96ba9479f06b4fbb12177a35a6d6be7ea41a0880908f6dde38258a5bd"
"22","3482350","NeedsReview","LoL: Gen.G vs DN SOOPers (BO3) - KeSPA Cup Last Chance Qualifier","2026-08-10T11:45:00Z","2026-08-09T11:45:00Z","1","Gen.G","2","2026-08-10T11:44:10Z","0.86","50","DN SOOPers","2","2026-08-10T11:44:09Z","0.14","51","false","false","true","C","official t,p price history for both outcome tokens; no decision-time bid/ask or depth snapshot","46e6fb3757ffaa7ebe69ab40d12f230af56aee99efe306890a9da4d307703c1c","c9f1f549c253a28a585721d0ab8e6f00ed6a5a1ba0bc04d0d678664a89b77b9d"
"23","3407529","NeedsReview","LoL: Hanwha Life Esports Challengers vs Gen.G Global Academy (BO3) - LCK Challengers League Rounds 3-4 Trial Group","2026-08-10T10:40:00Z","2026-08-09T10:40:00Z","1","Hanwha Life Esports Challengers","1440","2026-08-10T10:39:09Z","0.765","51","Gen.G Global Academy","1440","2026-08-10T10:39:11Z","0.235","49","false","false","true","C","official t,p price history for both outcome tokens; no decision-time bid/ask or depth snapshot","0eabf2ea5509daf9eaad038b7fdeca3f8d44451fabdb0500366afbe6fa4e3d02","1f17db3acf831853a932cd6ecb2c279f0b1c1cfb3eabaa061c259184e749b2fa"
"24","3438927","NeedsReview","LoL: DN SOOPers vs Kiwoom DRX (BO3) - KeSPA Cup Last Chance Qualifier","2026-08-10T08:45:00Z","2026-08-09T08:45:00Z","1","DN SOOPers","1440","2026-08-10T08:44:11Z","0.345","49","Kiwoom DRX","1440","2026-08-10T08:44:10Z","0.655","50","false","false","true","C","official t,p price history for both outcome tokens; no decision-time bid/ask or depth snapshot","d2c53b7c878c033b71518368fff4239fb3d039c714206f732fae2373d1f9604e","14fd7f4a461b6c9e06a710f670129040ca6309ce7ff61346cacb9d9039bb3587"
"25","3407476","Matched","LoL: DN SOOPers Challengers vs KT Rolster Challengers (BO3) - LCK Challengers League Rounds 3-4 Challenge Group","2026-08-10T07:45:00Z","2026-08-09T07:45:00Z","1","DN SOOPers Challengers","1440","2026-08-10T07:44:10Z","0.485","50","KT Rolster Challengers","1440","2026-08-10T07:44:10Z","0.515","50","false","false","true","C","official t,p price history for both outcome tokens; no decision-time bid/ask or depth snapshot","ca5d9b5f41fd4b562aa025dbfdd11df9466f67355c004aeb25d98bf99019c6ba","08f489e07edc57b32079c82732622ed673245385438cef4ad9a5503fbb2641d7"
"26","3438892","Matched","LoL: Hanwha Life Esports vs Gen.G (BO3) - KeSPA Cup Last Chance Qualifier","2026-08-10T05:45:00Z","2026-08-09T05:45:00Z","1","Hanwha Life Esports","1396","2026-08-10T05:44:10Z","0.405","50","Gen.G","1396","2026-08-10T05:44:11Z","0.595","49","false","false","true","C","official t,p price history for both outcome tokens; no decision-time bid/ask or depth snapshot","ce047f7cdd9ee24e17a29e774caf456592df65f89516f29ec728a1f6198610cb","5f535ae9852e71d6e68dcd2c1cb84c3c50264bde020f542c1c4c202c410a2803"
"27","3324752","NeedsReview","LoL: FlyQuest vs Team Liquid (BO3) - LCS Regular Season","2026-08-09T21:20:00Z","2026-08-08T21:20:00Z","1","FlyQuest","1440","2026-08-09T21:19:12Z","0.295","48","Team Liquid","1440","2026-08-09T21:19:12Z","0.705","48","false","false","true","C","official t,p price history for both outcome tokens; no decision-time bid/ask or depth snapshot","8fe29e8a68b50e924f44215813294ce1902d4931822ba4c3e5651827b3d8cfd7","e0019f1d651be4a1a93288ff3ea0398de002002bf22d34ed182df219e03e85e8"
"28","3324717","Matched","LoL: Dignitas vs LYON (BO3) - LCS Regular Season","2026-08-09T19:45:00Z","2026-08-08T19:45:00Z","1","Dignitas","1440","2026-08-09T19:44:11Z","0.095","49","LYON","1440","2026-08-09T19:44:10Z","0.905","50","false","false","true","C","official t,p price history for both outcome tokens; no decision-time bid/ask or depth snapshot","73e0718dba38ed6643a5197b41d73eb8414dc11353c1fcb3e288bcb420400710","8bddd804190934541c4747bccd9bdb159c24194598ae9387b530cb9d123b2862"
"29","3370466","Matched","LoL: Fluxo W7M vs FURIA Esports (BO3) - CBLOL Regular Season","2026-08-09T17:45:00Z","2026-08-08T17:45:00Z","1","Fluxo W7M","1440","2026-08-09T17:44:09Z","0.255","51","FURIA Esports","1440","2026-08-09T17:44:10Z","0.745","50","false","false","true","C","official t,p price history for both outcome tokens; no decision-time bid/ask or depth snapshot","42a861c39e264f908b44844b53e7848a3732c8216fd5fe752c00afbba464feac","c8c85415021ff81108f19f25e855b1cc9bedf28e31634e7cb29651895b41b33b"
"30","3355757","NeedsReview","LoL: Fnatic vs Karmine Corp (BO3) - LEC Regular Season","2026-08-09T16:45:00Z","2026-08-08T16:45:00Z","1","Fnatic","1440","2026-08-09T16:44:11Z","0.125","49","Karmine Corp","1440","2026-08-09T16:44:10Z","0.875","50","false","false","true","C","official t,p price history for both outcome tokens; no decision-time bid/ask or depth snapshot","bf437d6204fa9e055dd2b3a25a85b3778a92ad4ed59f12d2c353983d65112897","4ba288232d4dc588826024e596841a5e7ccda396b8bfcc1965b9d89bd902c650"
"31","3370443","Matched","LoL: LOUD vs Vivo Keyd Stars (BO3) - CBLOL Regular Season","2026-08-09T15:45:00Z","2026-08-08T15:45:00Z","1","LOUD","1440","2026-08-09T15:44:11Z","0.555","49","Vivo Keyd Stars","1440","2026-08-09T15:44:11Z","0.445","49","false","false","true","C","official t,p price history for both outcome tokens; no decision-time bid/ask or depth snapshot","88f5e0020713c2100409e569680a567ed57932df350e7be6ababc46d02b3cb7e","c94154d36f00c0017e70750a44ec8ac0d9e2f6f91a040750a76b584dc46bb3cd"
"32","3355734","Matched","LoL: Team Heretics vs G2 Esports (BO3) - LEC Regular Season","2026-08-09T14:45:00Z","2026-08-08T14:45:00Z","1","Team Heretics","1440","2026-08-09T14:44:11Z","0.085","49","G2 Esports","1440","2026-08-09T14:44:11Z","0.915","49","false","false","true","C","official t,p price history for both outcome tokens; no decision-time bid/ask or depth snapshot","52936bcbfc176bf5fdd3f0d0a03d9471d0be8aa9b333f8fc0209b0ae65ee509f","27b43f5336c7830eb45467b00e05400a4a0fa059179063c681b20af95da06a82"
"33","3432048","Matched","LoL: Lausanne-Sport Esports vs Zephyr Esport (BO1) - Nexus League Regular Season","2026-08-09T13:45:00Z","2026-08-08T13:45:00Z","1","Lausanne-Sport Esports","911","2026-08-09T13:44:10Z","0.54","50","Zephyr Esport","911","2026-08-09T13:44:11Z","0.465","49","false","false","true","C","official t,p price history for both outcome tokens; no decision-time bid/ask or depth snapshot","ec992034257c9e70a7011c9d61fbf1c79332494f6ee446635e5092c8d8b91ceb","90b3f7ca7f834be6a2763c1064d15c616ec38e121eae9eebb3f144f90633c281"
"34","3432041","Matched","LoL: Galions Sharks vs Project Conquerors (BO1) - Nexus League Regular Season","2026-08-09T12:45:00Z","2026-08-08T12:45:00Z","1","Galions Sharks","848","2026-08-09T12:44:10Z","0.505","50","Project Conquerors","848","2026-08-09T12:44:09Z","0.495","51","false","false","true","C","official t,p price history for both outcome tokens; no decision-time bid/ask or depth snapshot","043f1fe5b45f0a3935e835499c06ab70db3bdf6f71e5ac306481c1fd8cca81c4","60065d7cc9d199e99a5f5b4f9fd01d39814f89504b8aaf73674cbd0177caa526"
"35","3432034","Matched","LoL: Ancient Ones vs Karmine Corp Blue Stars (BO1) - Nexus League Regular Season","2026-08-09T11:45:00Z","2026-08-08T11:45:00Z","1","Ancient Ones","802","2026-08-09T11:44:11Z","0.195","49","Karmine Corp Blue Stars","802","2026-08-09T11:44:11Z","0.805","49","false","false","true","C","official t,p price history for both outcome tokens; no decision-time bid/ask or depth snapshot","f79bcea60f016682fa2d7ca8fed6fba06be290a5acad10f4afa41238b3b3db4b","4679dd3cfa068ea85ee186d2b97eca657059b8329d8ea157ca929896d71ec6e5"
"36","3286091","NeedsReview","LoL: JD Gaming vs Team WE (BO3) - LPL Group Ascend","2026-08-09T11:15:00Z","2026-08-08T11:15:00Z","1","JD Gaming","1440","2026-08-09T11:14:10Z","0.605","50","Team WE","1440","2026-08-09T11:14:12Z","0.395","48","false","false","true","C","official t,p price history for both outcome tokens; no decision-time bid/ask or depth snapshot","47071e2735e0d2627d9078a824cd570530360a4c58deea7b8ff35e43630e5b95","d727b926bcec1d6b5aa01ceed0971dc32d7f0f2e914c2a7fa049f28bdfaec9c3"
"37","3432027","Matched","LoL: Team High Ground vs Caldya Esport (BO1) - Nexus League Regular Season","2026-08-09T10:45:00Z","2026-08-08T10:45:00Z","1","Team High Ground","742","2026-08-09T10:44:11Z","0.31","49","Caldya Esport","742","2026-08-09T10:44:10Z","0.69","50","false","false","true","C","official t,p price history for both outcome tokens; no decision-time bid/ask or depth snapshot","c98e9c40870c402af8bb9f3ea658ac23081270fdbc28a9590d7dddc12d387c81","60e09a5e1262610de0f0048bbb5e452a880ab65d2832c5a9e8bb82621e541fa9"
"38","3288217","NeedsReview","LoL: BNK FEARX vs Kiwoom DRX (BO3) - LCK Round 3-4 Rise Group","2026-08-09T10:45:00Z","2026-08-08T10:45:00Z","1","BNK FEARX","1440","2026-08-09T10:44:11Z","0.515","49","Kiwoom DRX","1440","2026-08-09T10:44:10Z","0.485","50","false","false","true","C","official t,p price history for both outcome tokens; no decision-time bid/ask or depth snapshot","6c31f392399d43cbbd21a0f4fefe85a3a9b7274107f3bc197d4ef8c41d13f243","c93e1df0385ada94c27480117d4b70cf4d4335d98549b3bc0c355b7eaed1f808"
"39","3432020","Matched","LoL: Crystal Rose vs Lille Esport (BO1) - Nexus League Regular Season","2026-08-09T09:45:00Z","2026-08-08T09:45:00Z","1","Crystal Rose","682","2026-08-09T09:44:10Z","0.435","50","Lille Esport","682","2026-08-09T09:44:10Z","0.565","50","false","false","true","C","official t,p price history for both outcome tokens; no decision-time bid/ask or depth snapshot","f3255821dcf4dbb2bfc82cb8e5809782fc044275239459421d54bea1196553f3","a338b1abb791108567c649ae0fd980548d2354f59946f9cd552a9e0e77b5d492"
"40","3286034","NeedsReview","LoL: ThunderTalk Gaming vs Top Esports (BO3) - LPL Group Ascend","2026-08-09T09:05:00Z","2026-08-08T09:05:00Z","1","ThunderTalk Gaming","1440","2026-08-09T09:04:09Z","0.235","51","Top Esports","1440","2026-08-09T09:04:11Z","0.765","49","false","false","true","C","official t,p price history for both outcome tokens; no decision-time bid/ask or depth snapshot","5ad16e475d342f236dec139d0b00b1ecf8a1c40eadf86cf623a6917c91788813","31ab7f07ec4e8f94c69f9ea33c29f259564e35532c05ef98e5ee24e1ebcfcbf3"
"41","3396830","Matched","LoL: CTBC Flying Oyster vs Ground Zero Gaming (BO5) - LCP Group Stage","2026-08-09T08:45:00Z","2026-08-08T08:45:00Z","1","CTBC Flying Oyster","1440","2026-08-09T08:44:09Z","0.625","51","Ground Zero Gaming","1440","2026-08-09T08:44:09Z","0.375","51","false","false","true","C","official t,p price history for both outcome tokens; no decision-time bid/ask or depth snapshot","5175360574725078b04131467e4d2780a9ba4399a8b5c5278d57cc67ee668ea5","0472a7d3ea1fb101affbfaa0f5a91f18c6892e21e0c5b6682adaf92f24a38068"
"42","3287772","Matched","LoL: Dplus KIA vs KT Rolster (BO3) - LCK Round 3-4 Legend Group","2026-08-09T07:45:00Z","2026-08-08T07:45:00Z","1","Dplus KIA","1440","2026-08-09T07:44:09Z","0.615","51","KT Rolster","1440","2026-08-09T07:44:10Z","0.385","50","false","false","true","C","official t,p price history for both outcome tokens; no decision-time bid/ask or depth snapshot","a67ef32e6dd6c0b3688d230ae0366061fe9822c2c50f21d24e497b60d41ec056","b451be0927e3b1420410066e55c9767c23e927148d60ed5ef03ba0ab0a07fd92"
"43","3285997","Matched","LoL: Invictus Gaming vs LNG Esports (BO3) - LPL Group Nirvana","2026-08-09T06:45:00Z","2026-08-08T06:45:00Z","1","Invictus Gaming","1440","2026-08-09T06:44:10Z","0.875","50","LNG Esports","1440","2026-08-09T06:44:11Z","0.125","49","false","false","true","C","official t,p price history for both outcome tokens; no decision-time bid/ask or depth snapshot","ef7ffc23ab308fef68d8939e497916e253f6773f1349b4b1ab4d0eb038a860c4","b50462b9f40b63f9d887daea7aa6599f261be13f09310fb874b0ebee1ea59439"
"44","3324694","NeedsReview","LoL: Sentinels vs Shopify Rebellion (BO3) - LCS Regular Season","2026-08-08T22:25:00Z","2026-08-07T22:25:00Z","1","Sentinels","1440","2026-08-08T22:24:08Z","0.735","52","Shopify Rebellion","1440","2026-08-08T22:24:09Z","0.265","51","false","false","true","C","official t,p price history for both outcome tokens; no decision-time bid/ask or depth snapshot","a3c1b6dcb9f858fcc55ea6a91ab6a207b5d1e5130aecd8b900a5d403ecdab2fb","91551a83173b0c58d76a8507af2dd4bf93a4a0a40b29148714e2868d31ee9bb1"
"45","3324670","Matched","LoL: Cloud9 vs Disguised (BO3) - LCS Regular Season","2026-08-08T19:45:00Z","2026-08-07T19:45:00Z","1","Cloud9","1440","2026-08-08T19:44:13Z","0.895","47","Disguised","1440","2026-08-08T19:44:11Z","0.105","49","false","false","true","C","official t,p price history for both outcome tokens; no decision-time bid/ask or depth snapshot","677a11f779926caed09b9e3fa061c8e7651d4d05c996e2bab50920c7808351ac","6c732d049ac4fe1abcb032f21cab2f4aec13dc2d908f73f2bc035851e32a2a41"
"46","3355711","NeedsReview","LoL: Movistar KOI vs GIANTX (BO3) - LEC Regular Season","2026-08-08T17:45:00Z","2026-08-07T17:45:00Z","1","Movistar KOI","1440","2026-08-08T17:44:11Z","0.725","49","GIANTX","1440","2026-08-08T17:44:10Z","0.275","50","false","false","true","C","official t,p price history for both outcome tokens; no decision-time bid/ask or depth snapshot","654b4f7665f6105d8a3c7a3e829b9dd28e9087998e516a2b5c9bc34ba60b3fa7","4e812ab140b1bd14eaa86c7cadd61794049650bd9a90625d5dbba8e8d18d5b11"
"47","3370417","NeedsReview","LoL: LOS vs Leviatan Esports (BO3) - CBLOL Regular Season","2026-08-08T17:35:00Z","2026-08-07T17:35:00Z","1","LOS","1440","2026-08-08T17:34:09Z","0.935","51","Leviatan Esports","1440","2026-08-08T17:34:11Z","0.065","49","false","false","true","C","official t,p price history for both outcome tokens; no decision-time bid/ask or depth snapshot","8847addda5df0346ab0f4e7f51b22b1e340a3a45be324c5f203977170b8ce616","ef85976926f85e38f18b5e318cf93e23e05d6db2b28c8db26342200b2ee1e296"
"48","3408546","Matched","LoL: RED Canids vs paiN Gaming (BO3) - CBLOL Regular Season","2026-08-08T15:45:00Z","2026-08-07T15:45:00Z","1","RED Canids","1161","2026-08-08T15:44:08Z","0.435","52","paiN Gaming","1161","2026-08-08T15:44:08Z","0.565","52","false","false","true","C","official t,p price history for both outcome tokens; no decision-time bid/ask or depth snapshot","50f3a0782d63d4a01f4800c7252ca2665bbdaaf73ec48da6363c30cae0923cea","55fe8171b702f39abef1c5936e5e172f8b6f722b296249dc68952eed6e39e35c"
"49","3355688","Matched","LoL: SK Gaming vs Natus Vincere (BO3) - LEC Regular Season","2026-08-08T14:45:00Z","2026-08-07T14:45:00Z","1","SK Gaming","1440","2026-08-08T14:44:11Z","0.365","49","Natus Vincere","1440","2026-08-08T14:44:11Z","0.635","49","false","false","true","C","official t,p price history for both outcome tokens; no decision-time bid/ask or depth snapshot","6d194234a0e52a2ee49207d3c5e126458ca0975633f7816e9ab63b496d1630b1","105490988a86fa0a731d2a639c9017aaafd763142e48b5fc84238559328b7fdd"
"50","3410414","Matched","LoL: Caldya Esport vs Crystal Rose (BO1) - Nexus League Regular Season","2026-08-08T13:45:00Z","2026-08-07T13:45:00Z","1","Caldya Esport","906","2026-08-08T13:44:10Z","0.725","50","Crystal Rose","906","2026-08-08T13:44:09Z","0.275","51","false","false","true","C","official t,p price history for both outcome tokens; no decision-time bid/ask or depth snapshot","29221bd81cf569bd53f5036a599ed58a0fcb5294ad67b7422d7b5e3c019048a7","2b2eed39487cd7ed49ede1c4c49822278d6cee699336ab61474d99bd2a6944d0"
