"review_id","market_id","polymarket_event_id","condition_id","gamma_title","gamma_outcome_0","gamma_token_0","gamma_outcome_1","gamma_token_1","gamma_market_end_utc","clob_game_start_utc","best_of","leaguepedia_match_id","leaguepedia_start_utc","leaguepedia_team_1","leaguepedia_team_2","leaguepedia_team_1_outcome_index","start_delta_seconds","expected_status","manual_result","error_class","review_notes"
"01","3438960","819614","0x7a547717728280c4bd3c3e316848066942ca411307c6cb9a88315ad5955b6805","LoL: RMD Gaming vs RED Academy (BO3) - Circuito Desafiante Play-In","RMD Gaming","89448963123261266038498596831291905772905176534661850700905338792415767803071","RED Academy","57741552571724285144298980056501390892111477506260776542851267284806653410374","2026-08-12T04:00:00Z","2026-08-11T22:00:00Z","3","Circuito Desafiante/2026 Season/Split 2_Play-In Round 1_2","2026-08-11T23:00:00Z","RMD Gaming","RED Academy","0","3600","NeedsReview","correctly_escalated","start_time_conflict","same teams and BO; start differs 3600 seconds"
"02","3438567","819572","0x190c81fc4cf81998941025cf2202b8007c64181139417c0f3a3ef5009bd7988a","LoL: Team Solid vs 7REX (BO3) - Circuito Desafiante Play-In","Team Solid","91038782670712461273795452696894612090439366365200670480209571746168161619401","7REX","15732621915128397274157029401741978473672038033505744332719294360942240352623","2026-08-12T02:00:00Z","2026-08-11T20:00:00Z","3","Circuito Desafiante/2026 Season/Split 2_Play-In Round 1_1","2026-08-11T20:00:00Z","Team Solid (Brazilian Team)","7REX","0","0","Matched","verified_correct","none","teams/BO/start verified; explicit alias"
"03","3417308","814882","0xfcbd4a40fd85ed5eb4452dc9c8c487c7af2a615739b7cbad1f172b58c7388501","LoL: Lodis vs Forsaken (BO3) - Rift Legends Regular Season","Lodis","107726722274393669886941399417485549571831750313320559098964520498392110314725","Forsaken","33161871498350931748924561755542461280114381324495483610334073870022891273479","2026-08-12T00:30:00Z","2026-08-11T18:30:00Z","3","Rift Legends/2026 Season/Summer Split_Round Robin Round 2_2","2026-08-11T17:30:00Z","LODIS (Polish Team)","Forsaken (Polish Team)","0","3600","NeedsReview","correctly_escalated","start_time_conflict","same teams and BO; start differs 3600 seconds"
"04","3176747","764133","0x89b2a9e59bc72bf42b9cfd7cdc8d41b44031e58db24ba089f96181e2f6ed9686","LoL: Baam Esports vs GnG Amazigh (BO3) - Arabian League Group Stage","Baam Esports","76612036474409698022276227555905443327316127398513294176547213880664684100456","GnG Amazigh","79664266392760196936341216911364986485843620221937394632091015741545834438803","2026-08-12T00:30:00Z","2026-08-11T18:30:00Z","3","Arabian League/2026 Season/Summer Split_Week 5_2","2026-08-11T18:30:00Z","Baam Esports","GnG Amazigh","0","0","Matched","verified_correct","none","teams/BO/start verified; normalized identity"
"05","3502111","830281","0x916b7eb1f7f594f2d510f766a8529e781e4eb91ef40e903bcc966fc76dbc8dc1","LoL: Dynasty vs Senshi Esports Club (BO3) - Road Of Legends Regular Season","Dynasty","59720574164615606634269733298789483119251448868590464651750414750455669749108","Senshi Esports Club","38377397358048600228539849218358447545644810031295460840108373360798670015517","2026-08-12T00:00:00Z","2026-08-11T18:00:00Z","3","Road Of Legends/2026 Season/Summer Split_Week 5_2","2026-08-11T18:00:00Z","Dynasty","Senshi eSports (Benelux Team)","0","0","Matched","verified_correct","none","teams/BO/start verified; explicit alias"
"06","3418668","815427","0x2ce142c4590c8fe3013fd8eb9e821727a7aa429cfbb6235249dd9c1b384c4b0b","LoL: VfB eSports vs Team Orange Gaming (BO3) - Prime League 1st Division Group B","VfB eSports","11835245191717280645508969325321755520812370362835053254491806144538505455371","Team Orange Gaming","516081530914310039800879093856419867006765262575726912065598702652089317220","2026-08-12T00:00:00Z","2026-08-11T18:00:00Z","3","Prime League 1st Division/2026 Season/Summer Split_Week 7_2","2026-08-11T17:00:00Z","VfB eSports","TeamOrangeGaming","0","3600","NeedsReview","correctly_escalated","start_time_conflict","same teams and BO; start differs 3600 seconds"
"07","3502089","830280","0xe964723b5a6c388821eda24a3ae5a62ac4d48ad96175ee87f289d0dd0b4b3f6b","LoL: Frites Esports Club vs mCon esports (BO3) - Road Of Legends Regular Season","Frites Esports Club","76978636376176823038008862507026102420797274840192508540714130722382278037900","mCon esports","28869742592637822547375254874906722017048964384125502699219154120578932730550","2026-08-11T23:00:00Z","2026-08-11T17:00:00Z","3","Road Of Legends/2026 Season/Summer Split_Week 5_1","2026-08-11T17:00:00Z","Frites Esports Club","mCon esports","0","0","Matched","verified_correct","none","teams/BO/start verified; normalized identity"
"08","3509879","832229","0x5b1b61bb3dfc988999aa01fe084ddeea5fce53f2ed5d7b5ca2aa0bfedb5fff25","LoL: BRUTE vs Bohemian Guardians (BO3) - Hitpoint Masters Regular Season","BRUTE","19691547170354567338130586919749382847048275334594274042244249449415706703675","Bohemian Guardians","89354065979838555320855582776072610640146562051250656180672473339147455657146","2026-08-11T22:20:00Z","2026-08-11T16:20:00Z","3","Hitpoint Masters/2026 Season/Summer Split_Week 1_2","2026-08-11T16:30:00Z","BRUTE","Bohemian Guardians","0","600","NeedsReview","correctly_escalated","start_time_conflict","same teams and BO; start differs 600 seconds"
"09","3161922","762442","0x0bb5244c0400b626121c5e9537f34760bcf8538ba35358ee6513686f0717e280","LoL: Pyramid IV Esports vs 3BL Esports (BO3) - Arabian League Group Stage","Pyramid IV Esports","31696825845226101037905003539009178342689248113424413870977975036614320402453","3BL Esports","40691129630114590295713901283863143472562067439526330914152142080260127357453","2026-08-11T22:00:00Z","2026-08-11T16:00:00Z","3","Arabian League/2026 Season/Summer Split_Week 5_1","2026-08-11T16:00:00Z","Pyramid IV Esports","3BL Esports","0","0","Matched","verified_correct","none","teams/BO/start verified; normalized identity"
"10","3417285","814881","0x54f0f631d2179f66e5afcdb56ff0d90c5e10acdfb26376dfca004d97329a69f5","LoL: Barcząca Esports vs devils.one (BO3) - Rift Legends Regular Season","Barcząca Esports","69411890994004420911885630681342402912495594101212518024097104478653761537480","devils.one","2793484566082667584977655439071102992642944841278859680714878851078107916371","2026-08-11T21:15:00Z","2026-08-11T15:15:00Z","3","Rift Legends/2026 Season/Summer Split_Round Robin Round 2_1","2026-08-11T15:00:00Z","Barcząca Esports by Yumisu","devils.one inStreamly","0","900","NeedsReview","correctly_escalated","start_time_conflict","same teams and BO; start differs 900 seconds"
"11","3418645","815426","0x66cda9d88d83494bac54e853748110404eda6dd5a92a2e4a0ed62b318cb98bc3","LoL: Kaufland Hangry Knights vs G2 NORD (BO3) - Prime League 1st Division Group B","Kaufland Hangry Knights","45695834324145177152167070502209496612857476227879094325638881690325730921071","G2 NORD","106139470932350369499559733515201102482346152600979875165753018885381424170757","2026-08-11T21:00:00Z","2026-08-11T15:00:00Z","3","Prime League 1st Division/2026 Season/Summer Split_Week 7_1","2026-08-11T15:00:00Z","Kaufland Hangry Knights","G2 NORD","0","0","Matched","verified_correct","none","teams/BO/start verified; normalized identity"
"12","3509857","832228","0x2ea873d5df20f005f1f5efab0defd82c08dbf756d4ec267ae0df7ca40f789cc1","LoL: NightBirds vs Onion Team (BO3) - Hitpoint Masters Regular Season","NightBirds","18803873370810142288885851037763743892049436493582657152473381054594524225349","Onion Team","109948728711244916753110669673193368053045782325643440505128551961198148067438","2026-08-11T20:30:00Z","2026-08-11T14:30:00Z","3","Hitpoint Masters/2026 Season/Summer Split_Week 1_1","2026-08-11T14:00:00Z","Nightbirds","Onion Team","0","1800","NeedsReview","correctly_escalated","start_time_conflict","same teams and BO; start differs 1800 seconds"
"13","3494075","828830","0x45a5bdf9359a730d3dcb814cb34e2ec8527ace22521b53b9f6b067b17a218324","LoL: Hanwha Life Esports vs DN SOOPers (BO5) - KeSPA Cup Playoffs","Hanwha Life Esports","21223226011943147995787591472366702123511343160408904343308111540440246076026","DN SOOPers","48827028097068649868170398414008921004131836667843900022685130161593646343931","2026-08-11T15:00:00Z","2026-08-11T09:00:00Z","5","2026 LoL KeSPA Cup_Quarterfinals_1","2026-08-11T09:00:00Z","Hanwha Life Esports","DN SOOPers","0","0","Matched","verified_correct","none","teams/BO/start verified; normalized identity"
"14","3478760","826345","0x100a57df1d9571dd2873a3636cabf5a511919fffd39aae635c54ec62a5af9990","LoL: Uwinks vs L Guide Gaming (BO5) - LJL Playoffs","Uwinks","56160136260272691533734320250550060356422078738961239629781898758939699789387","L Guide Gaming","57843969761247638377712321961925014053224287337830818924954615700617845851928","2026-08-11T14:10:00Z","2026-08-11T08:10:00Z","5","LJL/2026 Season/Summer Championship_Round 3_1","2026-08-11T08:00:00Z","Uwinks","L Guide Gaming","0","600","NeedsReview","correctly_escalated","start_time_conflict","same teams and BO; start differs 600 seconds"
"15","3370489","803536","0x6d88091fefece8299156dd45cb93de745b7e0637a4b0667a65432956a0530dac","LoL: LOS vs paiN Gaming (BO3) - CBLOL Regular Season","LOS","86910606452383802642188092774769472505888608834297154564441963548063782997546","paiN Gaming","113903898319024979324015402517033803159846206726458252033008435090652199877889","2026-08-11T05:00:00Z","2026-08-10T23:00:00Z","3","CBLOL/2026 Season/Split 2_Week 3_8","2026-08-10T23:00:00Z","LØS","paiN Gaming","0","0","Matched","verified_correct","none","teams/BO/start verified; explicit alias"
"16","3409360","812858","0xc53b9aa10169ac7e9f3010527d40d70dac1e641cba0cf1b63c95d44dae93f79e","LoL: Leviatan Esports vs RED Canids (BO3) - CBLOL Regular Season","Leviatan Esports","89024595757038494332641694762244778634558127292492915605541302715615317350845","RED Canids","35682952919335242661046387220043880947177431209654780791692959774051104159006","2026-08-11T03:00:00Z","2026-08-10T21:00:00Z","3","CBLOL/2026 Season/Split 2_Week 3_7","2026-08-10T21:00:00Z","Leviatan","RED Canids","0","0","Matched","verified_correct","none","teams/BO/start verified; explicit alias"
"17","3450309","821644","0x09ce4f4b968f71d2c670279ec9a00bc81560febaff6bd20affef2118e6b08a8b","LoL: Arctic Pandas vs Brod n Friends (BO3) - NLC Regular Season","Arctic Pandas","104003272382320788495418417094360037871483503338432471256175756550653101062216","Brod n Friends","13616448602713622146948999910841622633206717504044885657242487218280233268462","2026-08-11T00:15:00Z","2026-08-10T18:15:00Z","3","NLC/2026 Season/Summer Split_Swiss Round 4_3","2026-08-10T18:00:00Z","Arctic Pandas","Brod n Friends","0","900","NeedsReview","correctly_escalated","start_time_conflict","same teams and BO; start differs 900 seconds"
"18","3450275","821643","0x1ad9e701dbacac8048a96a98755140b105a54d495dc4dccec5416a7f661bb779","LoL: Bulldog Esports vs B2U (BO3) - NLC Regular Season","Bulldog Esports","64901414945069196414724474386073201703553635849311859400422912729383951170907","B2U","18225860986537706305659456185834996395434695860937526094531802516453414349380","2026-08-10T23:30:00Z","2026-08-10T17:30:00Z","3","NLC/2026 Season/Summer Split_Swiss Round 4_2","2026-08-10T17:00:00Z","Bulldog Esports","B2U","0","1800","NeedsReview","correctly_escalated","start_time_conflict","same teams and BO; start differs 1800 seconds"
"19","3356706","800504","0xa323f34fe99ba7a8307a8b0f5901a96222e0439191f8ac4f939cf2d8077736c6","LoL: Natus Vincere vs G2 Esports (BO3) - LEC Regular Season","Natus Vincere","17771590952782401867192365495826233581778552174841688769153226095400284547361","G2 Esports","30106366299621012510236411942589270906556580988391274456937138601999685954111","2026-08-10T22:50:00Z","2026-08-10T16:50:00Z","3","LEC/2026 Season/Summer Season_Week 3_8","2026-08-10T17:15:00Z","Natus Vincere","G2 Esports","0","1500","NeedsReview","correctly_escalated","start_time_conflict","same teams and BO; start differs 1500 seconds"
"20","3450253","821642","0x940c2443ba1f92b2fc0bc56c628ca1379d1c2b8c5fa8d9c512b2c2a680dadc43","LoL: The Ruddy Sack vs Lundqvist Lightside (BO3) - NLC Regular Season","The Ruddy Sack","96124531318707029640158599890522217950500981550877508531099966597914139683102","Lundqvist Lightside","10384854776225954398293407339811800465726851071008938773970139814534554961595","2026-08-10T22:00:00Z","2026-08-10T16:00:00Z","3","NLC/2026 Season/Summer Split_Swiss Round 4_1","2026-08-10T16:00:00Z","Ruddy Corporation","Lundqvist Lightside","0","0","Matched","verified_correct","none","teams/BO/start verified; explicit alias"
"21","3355797","800211","0x41e7e11649dabbf885a06ed6ee45d576f4bae03be7e88e380b0d66d5204ab2e6","LoL: SK Gaming vs Team Vitality (BO3) - LEC Regular Season","SK Gaming","80928813107141301885079060302856979881355987135956563041969426931254610308689","Team Vitality","30532452671162585373042556434645695050165435001536919889385797701306079431177","2026-08-10T21:00:00Z","2026-08-10T15:00:00Z","3","LEC/2026 Season/Summer Season_Week 3_7","2026-08-10T15:00:00Z","SK Gaming","Team Vitality","0","0","Matched","verified_correct","none","teams/BO/start verified; normalized identity"
"22","3482350","827088","0x59f862842ed47b7db55d90ff2e5122c87c7d76ab91785e5451069fc0c08b7ce9","LoL: Gen.G vs DN SOOPers (BO3) - KeSPA Cup Last Chance Qualifier","Gen.G","72389855629335506608778409168645711755077058118412967009040245473101946877601","DN SOOPers","87436267443937152945181022859084937400910778764496351481090646478656875676207","2026-08-10T18:00:00Z","2026-08-10T12:00:00Z","3","2026 LoL KeSPA Cup_Round 4_1","2026-08-10T10:30:00Z","Gen.G","DN SOOPers","0","5400","NeedsReview","correctly_escalated","start_time_conflict","same teams and BO; start differs 5400 seconds"
"23","3407529","812488","0x2dbc3082ee450e56d75c5640f5684a2d192e0fc71acb70966b5b98bdb2ad36dc","LoL: Hanwha Life Esports Challengers vs Gen.G Global Academy (BO3) - LCK Challengers League Rounds 3-4 Trial Group","Hanwha Life Esports Challengers","36318984100607774545075608710565469923242360696071539392844010969438918907262","Gen.G Global Academy","35716763462141004608432184823453150366522745057296873248922108659175908074199","2026-08-10T16:55:00Z","2026-08-10T10:55:00Z","3","LCK CL/2026 Season/Rounds 3-4_Week 12_2","2026-08-10T10:00:00Z","Hanwha Life Esports Challengers","Gen.G Global Academy","0","3300","NeedsReview","correctly_escalated","start_time_conflict","same teams and BO; start differs 3300 seconds"
"24","3438927","819611","0xc59fe4d5bb2d245f6bbd47a9fb3a8bd26095a43cfd15389360e595c1704ee908","LoL: DN SOOPers vs Kiwoom DRX (BO3) - KeSPA Cup Last Chance Qualifier","DN SOOPers","65522564045569679439017757679930017222123015044295232686076630829591995089643","Kiwoom DRX","99506368376306346482835115223265725609289715882166303124806399438151946086950","2026-08-10T15:00:00Z","2026-08-10T09:00:00Z","3","2026 LoL KeSPA Cup_Round 3_2","2026-08-10T08:15:00Z","DN SOOPers","Kiwoom DRX","0","2700","NeedsReview","correctly_escalated","start_time_conflict","same teams and BO; start differs 2700 seconds"
"25","3407476","812485","0x3fd1220ff83276046f0d6d3cea93768235ba85dd5aa3df6109aad89276fd3b6b","LoL: DN SOOPers Challengers vs KT Rolster Challengers (BO3) - LCK Challengers League Rounds 3-4 Challenge Group","DN SOOPers Challengers","10658106513022740953843916255035967841266928852514644432956649505360784617989","KT Rolster Challengers","96752753610456138629925751355444319372690677920535037934935209945010645957014","2026-08-10T14:00:00Z","2026-08-10T08:00:00Z","3","LCK CL/2026 Season/Rounds 3-4_Week 12_1","2026-08-10T08:00:00Z","DN SOOPers Challengers","KT Rolster Challengers","0","0","Matched","verified_correct","none","teams/BO/start verified; normalized identity"
"26","3438892","819608","0x5ab81751e1511a260f8a26d80687d8d2e0bdc05fe480e48fbb504fc2585bf0b4","LoL: Hanwha Life Esports vs Gen.G (BO3) - KeSPA Cup Last Chance Qualifier","Hanwha Life Esports","42779891655260651953727165793383453337908167276712565359091264215666447344864","Gen.G","109856775380853048269023165693168181874094887619281601037108476677264846057603","2026-08-10T12:00:00Z","2026-08-10T06:00:00Z","3","2026 LoL KeSPA Cup_Round 3_1","2026-08-10T06:00:00Z","Hanwha Life Esports","Gen.G","0","0","Matched","verified_correct","none","teams/BO/start verified; normalized identity"
"27","3324752","794106","0xcf58f9694a9fabfff5d215f018558513abe9d117f8e4d0db685f326dc32588e2","LoL: FlyQuest vs Team Liquid (BO3) - LCS Regular Season","FlyQuest","45298441030011182340871520027632481749196705925588848472776024210502480876948","Team Liquid","73207477092620503915893648648359407042043732943090103352563111853327832049412","2026-08-10T03:35:00Z","2026-08-09T21:35:00Z","3","LCS/2026 Season/Summer Season_Week 3_4","2026-08-09T23:00:00Z","FlyQuest","Team Liquid","0","5100","NeedsReview","correctly_escalated","start_time_conflict","same teams and BO; start differs 5100 seconds"
"28","3324717","794103","0x76cc9870fdb0c3206e572cd2eb6c886a147565bddc2be5bfb5c34668f3108567","LoL: Dignitas vs LYON (BO3) - LCS Regular Season","Dignitas","14058052280996767956854783119175682569587368241924994320123921286857196939673","LYON","6022449687082663548774592145647383727638946394771205424434202355812335056331","2026-08-10T02:00:00Z","2026-08-09T20:00:00Z","3","LCS/2026 Season/Summer Season_Week 3_3","2026-08-09T20:00:00Z","Dignitas","LYON (2024 American Team)","0","0","Matched","verified_correct","none","teams/BO/start verified; explicit alias"
"29","3370466","803535","0x5692a0c4e6dd07a66988e9e5888cd2fb142b85d77482abe333f7229ee65834f8","LoL: Fluxo W7M vs FURIA Esports (BO3) - CBLOL Regular Season","Fluxo W7M","54583089634148597239549961947614580782148927275927489969101842120435376965601","FURIA Esports","30475066372712960943654535032534378265395769842387732267817564914959178926634","2026-08-10T00:00:00Z","2026-08-09T18:00:00Z","3","CBLOL/2026 Season/Split 2_Week 3_6","2026-08-09T18:00:00Z","Fluxo W7M","FURIA","0","0","Matched","verified_correct","none","teams/BO/start verified; explicit alias"
"30","3355757","800210","0x9fa4edd8e4dce50bb436593e714821566a96132c77832043d6cc269a1720f473","LoL: Fnatic vs Karmine Corp (BO3) - LEC Regular Season","Fnatic","54254693042214005104459571710116763726642638175713754689813300887798892744325","Karmine Corp","81687261828485923370301293448268747277317716692301661215171974481135044780719","2026-08-09T23:00:00Z","2026-08-09T17:00:00Z","3","LEC/2026 Season/Summer Season_Week 3_6","2026-08-09T17:15:00Z","Fnatic","Karmine Corp","0","900","NeedsReview","correctly_escalated","start_time_conflict","same teams and BO; start differs 900 seconds"
"31","3370443","803534","0x08768c5e6f569a863beadc3fd5751e50e6dd781fc4d48f5ed4412de7cc806103","LoL: LOUD vs Vivo Keyd Stars (BO3) - CBLOL Regular Season","LOUD","21481013703628350486304901161118867679515882548358820274211275241562145876761","Vivo Keyd Stars","107719775574963408572648689114266020014935007397172842058703133480123345955975","2026-08-09T22:00:00Z","2026-08-09T16:00:00Z","3","CBLOL/2026 Season/Split 2_Week 3_5","2026-08-09T16:00:00Z","LOUD","Vivo Keyd Stars","0","0","Matched","verified_correct","none","teams/BO/start verified; normalized identity"
"32","3355734","800209","0xd58426c6d49c19d4656970149e9c6716029c53b4ce81945f7f64d2bd45ef1e41","LoL: Team Heretics vs G2 Esports (BO3) - LEC Regular Season","Team Heretics","27821324680036536477756301273773581236895849086292330822289267196089611327552","G2 Esports","56870667213828321542951041258993944181080017995227069283609267109862686981103","2026-08-09T21:00:00Z","2026-08-09T15:00:00Z","3","LEC/2026 Season/Summer Season_Week 3_5","2026-08-09T15:00:00Z","Team Heretics","G2 Esports","0","0","Matched","verified_correct","none","teams/BO/start verified; normalized identity"
"33","3432048","818032","0x8cc7e76a7fd6c3a7a6d6df28916a1e16107caa7b676d1d2185374ed51798b6b4","LoL: Lausanne-Sport Esports vs Zephyr Esport (BO1) - Nexus League Regular Season","Lausanne-Sport Esports","14009735559545548049346327793556879503970529934305787241401087219961716016273","Zephyr Esport","76603344285010550298184179026860751847709094513637886715738306101492681372785","2026-08-09T20:00:00Z","2026-08-09T14:00:00Z","1","Nexus League/2026 Season/Summer Split_Week 4_10","2026-08-09T14:00:00Z","Lausanne-Sport Esports","Zephyr Esport","0","0","Matched","verified_correct","none","teams/BO/start verified; normalized identity"
"34","3432041","818031","0x574a5f615f9f006f97e025a08ec1b0e2deec356b448fe20fa911b49bbf674194","LoL: Galions Sharks vs Project Conquerors (BO1) - Nexus League Regular Season","Galions Sharks","88482552803082658284879443674568882525121854522515422086774442720026399211191","Project Conquerors","11797234706996419639209803119606176055968547662583547530014546226208193819784","2026-08-09T19:00:00Z","2026-08-09T13:00:00Z","1","Nexus League/2026 Season/Summer Split_Week 4_9","2026-08-09T13:00:00Z","Galions Sharks","Project Conquerors","0","0","Matched","verified_correct","none","teams/BO/start verified; normalized identity"
"35","3432034","818030","0x5a7b2e341751b764b4cf6c9da9a4ead925f41728747b8fc4561aa20cbd883f4c","LoL: Ancient Ones vs Karmine Corp Blue Stars (BO1) - Nexus League Regular Season","Ancient Ones","70212982055718338582425061758382989100103279347634322525292652458932529301110","Karmine Corp Blue Stars","60027951449522383731248483024808059248522304094374596429511184028748507450971","2026-08-09T18:00:00Z","2026-08-09T12:00:00Z","1","Nexus League/2026 Season/Summer Split_Week 4_8","2026-08-09T12:00:00Z","Ancient Ones","Karmine Corp Blue Stars","0","0","Matched","verified_correct","none","teams/BO/start verified; normalized identity"
"36","3286091","785712","0x3c1093d8cf4bcb5c526903456ec2b9ac990947f7e7cecc084cd9e7dd290e5276","LoL: JD Gaming vs Team WE (BO3) - LPL Group Ascend","JD Gaming","92631869319386230861725954035095291348252206042885758553931788824453850457149","Team WE","18189527356165079151438079199037064540903987561343460203583553954482535040398","2026-08-09T17:30:00Z","2026-08-09T11:30:00Z","3","LPL/2026 Season/Split 3_Week 3_14","2026-08-09T11:00:00Z","JD Gaming","Team WE","0","1800","NeedsReview","correctly_escalated","start_time_conflict","same teams and BO; start differs 1800 seconds"
"37","3432027","818029","0xdf0f64715fe2e7d8b311b373da2c05e0c30ce3db1b28631c483970d084986315","LoL: Team High Ground vs Caldya Esport (BO1) - Nexus League Regular Season","Team High Ground","74445486296574345923754421217066938907415096655186897175641003965456071102905","Caldya Esport","29611310731670990413611602735438409474068631869176140028448471490694266931061","2026-08-09T17:00:00Z","2026-08-09T11:00:00Z","1","Nexus League/2026 Season/Summer Split_Week 4_7","2026-08-09T11:00:00Z","Team High Ground","Caldya Esport","0","0","Matched","verified_correct","none","teams/BO/start verified; normalized identity"
"38","3288217","786096","0xd123d80ef596b13218bd3d2bc0512bd642347218eb86341ddba34582d6e18e96","LoL: BNK FEARX vs Kiwoom DRX (BO3) - LCK Round 3-4 Rise Group","BNK FEARX","3366762806524584434041098243324349174341510985349766511955124526002048899688","Kiwoom DRX","46784611044402342286329702049053951620693044563173956950167470988583804793728","2026-08-09T17:00:00Z","2026-08-09T11:00:00Z","3","LCK/2026 Season/Rounds 3-4_Week 11_10","2026-08-09T10:00:00Z","BNK FEARX","Kiwoom DRX","0","3600","NeedsReview","correctly_escalated","start_time_conflict","same teams and BO; start differs 3600 seconds"
"39","3432020","818028","0xe4d158311238d1491c9a587da133dd1e6ff6b9b8aca5110839d73752f60e1c5f","LoL: Crystal Rose vs Lille Esport (BO1) - Nexus League Regular Season","Crystal Rose","94224159228867030901109415373750512766506527511649012749801226625021974110654","Lille Esport","56265853090321534194388861233525536297354104156112457718613834676810793167160","2026-08-09T16:00:00Z","2026-08-09T10:00:00Z","1","Nexus League/2026 Season/Summer Split_Week 4_6","2026-08-09T10:00:00Z","Crystal Rose (French Team)","Lille Esport","0","0","Matched","verified_correct","none","teams/BO/start verified; explicit alias"
"40","3286034","785704","0xbc8d6d2280e60953b0e89a0bd58279691c8fe17bcb0baa3656486e725350e9f3","LoL: ThunderTalk Gaming vs Top Esports (BO3) - LPL Group Ascend","ThunderTalk Gaming","27298687757729397315000183941895980377843459503493155624389517285739063381223","Top Esports","28246806272807385475359212337668662438574077035888650625591761821033218424548","2026-08-09T15:20:00Z","2026-08-09T09:20:00Z","3","LPL/2026 Season/Split 3_Week 3_13","2026-08-09T09:00:00Z","ThunderTalk Gaming","Top Esports","0","1200","NeedsReview","correctly_escalated","start_time_conflict","same teams and BO; start differs 1200 seconds"
"41","3396830","809987","0x80952755d011e85c7f25eda0653ae4daa32b26b0e4ace044ada13522c5a66117","LoL: CTBC Flying Oyster vs Ground Zero Gaming (BO5) - LCP Group Stage","CTBC Flying Oyster","112780195535507694605597836300723199506883738544741666643454890276883796657409","Ground Zero Gaming","94569230234205660360233426588349938699715601583197615391152814753500905746228","2026-08-09T15:00:00Z","2026-08-09T09:00:00Z","5","LCP/2026 Season/Split 3_Round 4_3","2026-08-09T09:00:00Z","CTBC Flying Oyster","Ground Zero Gaming","0","0","Matched","verified_correct","none","teams/BO/start verified; normalized identity"
"42","3287772","786085","0x110655c3a2be0c0831983b1d1e1f4ab884bb1c9e06cf21b3bb9944c71b6f11fc","LoL: Dplus KIA vs KT Rolster (BO3) - LCK Round 3-4 Legend Group","Dplus KIA","71554567140477701232236779715296312780126562489207472430244093936081845975202","KT Rolster","76827418119969205673693530819381375012618066744632162243218151845989530039956","2026-08-09T14:00:00Z","2026-08-09T08:00:00Z","3","LCK/2026 Season/Rounds 3-4_Week 11_9","2026-08-09T08:00:00Z","Dplus Kia","KT Rolster","0","0","Matched","verified_correct","none","teams/BO/start verified; normalized identity"
"43","3285997","785703","0xb491aa2ee6b53c31bbc9af91029adb7e4b9491cb1f840d919e8fdfd8f65eea50","LoL: Invictus Gaming vs LNG Esports (BO3) - LPL Group Nirvana","Invictus Gaming","102805211195745069287779043779723565093038396952394385556370743850336258665919","LNG Esports","91857974120847053793304834499327844630938652660473246247913411811566416438039","2026-08-09T13:00:00Z","2026-08-09T07:00:00Z","3","LPL/2026 Season/Split 3_Week 3_12","2026-08-09T07:00:00Z","Invictus Gaming","LNG Esports","0","0","Matched","verified_correct","none","teams/BO/start verified; normalized identity"
"44","3324694","794102","0xc2e7515e71aabb6b108322299ae3305d7cf0fe3e59ef9ab318cb6f435fe18e4e","LoL: Sentinels vs Shopify Rebellion (BO3) - LCS Regular Season","Sentinels","5454877822347168347734575043846142509265128556594720619987566767644707470518","Shopify Rebellion","99019540843050452778062958329408008231684918750054495389149341676067962448528","2026-08-09T04:40:00Z","2026-08-08T22:40:00Z","3","LCS/2026 Season/Summer Season_Week 3_2","2026-08-08T23:00:00Z","Sentinels","Shopify Rebellion","0","1200","NeedsReview","correctly_escalated","start_time_conflict","same teams and BO; start differs 1200 seconds"
"45","3324670","794094","0x1edcec2ad78a370044d233471e3845a57cc2fb6831d95fb7c26def95a0136228","LoL: Cloud9 vs Disguised (BO3) - LCS Regular Season","Cloud9","22184541291896058887140927268277536018792789086828268128873098680165958265341","Disguised","73553801957731148875474506695003401620596187494423625232131714118643337136498","2026-08-09T02:00:00Z","2026-08-08T20:00:00Z","3","LCS/2026 Season/Summer Season_Week 3_1","2026-08-08T20:00:00Z","Cloud9","Disguised","0","0","Matched","verified_correct","none","teams/BO/start verified; normalized identity"
"46","3355711","800208","0xcbd2d55d4f588f8bf3ee5df8d9cb89adac9d2f5cd103480cf44ab9c201e8ac35","LoL: Movistar KOI vs GIANTX (BO3) - LEC Regular Season","Movistar KOI","69823975649770544600529847338837408249328541219670989060079625543790404792302","GIANTX","32881438967411612273076673683463124920342521897711625199404634466412687474235","2026-08-09T00:00:00Z","2026-08-08T18:00:00Z","3","LEC/2026 Season/Summer Season_Week 3_4","2026-08-08T17:15:00Z","Movistar KOI","GIANTX","0","2700","NeedsReview","correctly_escalated","start_time_conflict","same teams and BO; start differs 2700 seconds"
"47","3370417","803533","0xae28060242f71c6bb98e1d2a9e8ece8dd7caed2a64787e15762c3153a2de2150","LoL: LOS vs Leviatan Esports (BO3) - CBLOL Regular Season","LOS","95767613127367387771834719555842808956533147464174740662133041474755861692949","Leviatan Esports","6407892238644555764322042674423181299697167019078977781571498816561786311498","2026-08-08T23:50:00Z","2026-08-08T17:50:00Z","3","CBLOL/2026 Season/Split 2_Week 3_4","2026-08-08T18:00:00Z","LØS","Leviatan","0","600","NeedsReview","correctly_escalated","start_time_conflict","same teams and BO; start differs 600 seconds"
"48","3408546","812638","0x485abcb83721b380c453f84ea400b6fbf181d7a979229e18a1318eb8ae4b3240","LoL: RED Canids vs paiN Gaming (BO3) - CBLOL Regular Season","RED Canids","94198854697871915048271966264790102105842344213803564772533757546456416441083","paiN Gaming","82615041018380579529601330297950631286922455177678523661297727044228071329979","2026-08-08T22:00:00Z","2026-08-08T16:00:00Z","3","CBLOL/2026 Season/Split 2_Week 3_3","2026-08-08T16:00:00Z","RED Canids","paiN Gaming","0","0","Matched","verified_correct","none","teams/BO/start verified; normalized identity"
"49","3355688","800207","0xa1e20947f0c60b8f0ffa6ead66ab04919a4745a30f080ad4742550a887b75abe","LoL: SK Gaming vs Natus Vincere (BO3) - LEC Regular Season","SK Gaming","74420691344583827851203095974883889957507759161768754481889737786457479861041","Natus Vincere","13566762161106176667745867485800890464439016521969245107503578097807382118977","2026-08-08T21:00:00Z","2026-08-08T15:00:00Z","3","LEC/2026 Season/Summer Season_Week 3_3","2026-08-08T15:00:00Z","SK Gaming","Natus Vincere","0","0","Matched","verified_correct","none","teams/BO/start verified; normalized identity"
"50","3410414","813092","0xc8e975d6209201d79bfc96ad05c7e5474e4d11a142d099be60f7add4dc273579","LoL: Caldya Esport vs Crystal Rose (BO1) - Nexus League Regular Season","Caldya Esport","73372026649245159242592787326872030359635097144103957725346480740382432639175","Crystal Rose","86765429812383831309417584519041936784392200516618929709720997365011199180863","2026-08-08T20:00:00Z","2026-08-08T14:00:00Z","1","Nexus League/2026 Season/Summer Split_Week 4_5","2026-08-08T14:00:00Z","Caldya Esport","Crystal Rose (French Team)","0","0","Matched","verified_correct","none","teams/BO/start verified; explicit alias"
